<?xml-stylesheet type="text/xsl" href="/xslshow.cms?path=/rssfeedsdefault1"?><rss xmlns:atom="http://www.w3.org/2005/Atom" version="2.0"><channel><title>Times of India</title><link>http://timesofindia.indiatimes.com</link><description>The Times of India: Breaking news, views, reviews, cricket from across India</description><language>en-gb</language><copyright>Copyright:(C) 2013 Bennett Coleman &amp; Co. Ltd, http://info.indiatimes.com/terms/tou.html</copyright><docs>http://timescontent.com/</docs><image><url>http://images.photogallery.indiatimes.com/photo.cms?msid=507610</url></image><item><title>Heavy rain disrupts life in Mumbai, parts of Maharashtra</title><description>Train services on the Mumbai-Ahmedabad and Mumbai-New Delhi sectors were affected since early morning today, officials said.</description><image>http://timesofindia.indiatimes.com/photo/21035414.cms</image><link>http://timesofindia.indiatimes.com/city/mumbai/Heavy-rain-disrupts-life-in-Mumbai-parts-of-Maharashtra/articleshow/21035390.cms</link><guid>http://timesofindia.indiatimes.com/city/mumbai/Heavy-rain-disrupts-life-in-Mumbai-parts-of-Maharashtra/articleshow/21035390.cms</guid><pubDate>Fri, 12 Jul 2013 08:15:15 GMT</pubDate></item><item><title>Cong will not declare Rahul as PM candidate, Modi poses no challenge: Digvijaya</title><description>Digvijaya Singh did not say whether PM Manmohan Singh could be a candidate for the top post once again if the party wins next year's elections.</description><image>http://timesofindia.indiatimes.com/photo/21035592.cms</image><link>http://timesofindia.indiatimes.com/india/Congress-will-not-declare-Rahul-Gandhi-as-PM-candidate-Digvijaya-Singh/articleshow/21035538.cms</link><guid>http://timesofindia.indiatimes.com/india/Congress-will-not-declare-Rahul-Gandhi-as-PM-candidate-Digvijaya-Singh/articleshow/21035538.cms</guid><pubDate>Fri, 12 Jul 2013 08:25:47 GMT</pubDate></item><item><title>MS Dhoni wins tri-series for India, says he is blessed with good cricketing sense</title><description>He has made a habit of coming good when the chips are down and Dhoni feels his finishing skills have a lot to do with good cricketing sense he is "blessed" with.</description><image>http://timesofindia.indiatimes.com/photo/21032680.cms</image><link>http://timesofindia.indiatimes.com/sports/cricket/series-tournament/tri-series-in-west-indies-2013/top-stories/MS-Dhoni-wins-tri-series-for-India-says-he-is-blessed-with-good-cricketing-sense/articleshow/21032663.cms</link><guid>http://timesofindia.indiatimes.com/sports/cricket/series-tournament/tri-series-in-west-indies-2013/top-stories/MS-Dhoni-wins-tri-series-for-India-says-he-is-blessed-with-good-cricketing-sense/articleshow/21032663.cms</guid><pubDate>Fri, 12 Jul 2013 05:28:18 GMT</pubDate></item><item><title>Airport check of artificial leg left woman in tears</title><description>The security staff at the airport had demanded that this 38-year-old marketing professional from Mumbai take off her prosthetic leg to be separately passed through security check.</description><image>http://timesofindia.indiatimes.com/photo/21028001.cms</image><link>http://timesofindia.indiatimes.com/india/Airport-check-of-artificial-leg-leaves-marketing-executive-in-tears/articleshow/21027950.cms</link><guid>http://timesofindia.indiatimes.com/india/Airport-check-of-artificial-leg-leaves-marketing-executive-in-tears/articleshow/21027950.cms</guid><pubDate>Thu, 11 Jul 2013 21:22:32 GMT</pubDate></item><item><title>Andhra CM meets Sonia ahead of Cong meet on Telangana</title><description>A decision on Telangana is being taken amid a talk for an alliance with YSR Jaganmohan Reddy's YSR Congress in the state.</description><image>http://timesofindia.indiatimes.com/photo/21035974.cms</image><link>http://timesofindia.indiatimes.com/india/Andhra-CM-Kirankumar-Reddy-meets-Sonia-Gandhi-ahead-of-Congress-meet-on-Telangana/articleshow/21035966.cms</link><guid>http://timesofindia.indiatimes.com/india/Andhra-CM-Kirankumar-Reddy-meets-Sonia-Gandhi-ahead-of-Congress-meet-on-Telangana/articleshow/21035966.cms</guid><pubDate>Fri, 12 Jul 2013 08:52:37 GMT</pubDate></item></channel></rss>
