<rss version="2.0"><channel><title>Times of India</title><link>http://timesofindia.indiatimes.com</link><description>The Times of India: Breaking news, views, reviews, cricket from across India</description><language>en-gb</language><copyright>Copyright:(C) 2012 Bennett Coleman &amp; Co. Ltd, http://info.indiatimes.com/terms/tou.html</copyright><docs>http://timescontent.com/</docs><image><title>Indiatimes - Times of India</title><url>http://images.photogallery.indiatimes.com/photo.cms?msid=507610</url><link>http://timesofindia.indiatimes.com</link></image><item><title>Why should I apologise, MCA officials were rude to me: SRK</title><description>"It is wrong to say that I was under the influence of alcohol. I was not drunk, only misbehaved when I was provoked. Security officers bullied me," SRK said.</description><link>http://timesofindia.indiatimes.com/sports/cricket/ipl-2012/news/I-was-very-angry-but-not-drunk-clarifies-Shah-Rukh-Khan/articleshow/13212861.cms</link><guid>http://timesofindia.indiatimes.com/sports/cricket/ipl-2012/news/I-was-very-angry-but-not-drunk-clarifies-Shah-Rukh-Khan/articleshow/13212861.cms</guid><pubDate>Thu, 17 May 2012 10:16:57 GMT</pubDate></item><item><title>Road rage in Delhi: Bikers attack three judges, one injured</title><description>One of the judges Ajay Garg suffered head injuries while two of his colleagues additional sessions judges Inderjit Singh and M K Nagpal escaped unhurt.</description><link>http://timesofindia.indiatimes.com/city/delhi/Road-rage-in-Delhi-Bikers-attack-three-judges-one-injured/articleshow/13223395.cms</link><guid>http://timesofindia.indiatimes.com/city/delhi/Road-rage-in-Delhi-Bikers-attack-three-judges-one-injured/articleshow/13223395.cms</guid><pubDate>Thu, 17 May 2012 14:39:10 GMT</pubDate></item><item><title>Yoga guru Ramdev's trusts lose tax exemption, I-T slaps Rs 58 crore notice</title><description>The ED, meanwhile, has detected a Rs 7 crore alleged contravention under the FEMA in the remittances made by Yoga guru Ramdev's trusts.</description><link>http://timesofindia.indiatimes.com/india/Tax-notice-slapped-on-Ramdevs-trusts/articleshow/13216681.cms</link><guid>http://timesofindia.indiatimes.com/india/Tax-notice-slapped-on-Ramdevs-trusts/articleshow/13216681.cms</guid><pubDate>Thu, 17 May 2012 11:44:15 GMT</pubDate></item><item><title>Ajmer shrine yet to receive Zardari's Rs 5cr donation </title><description>Pakistan president's one-million-dollar donation to Khwaja&#8217;s Moinuddin Chishti&#8217;s shrine at Ajmer, has turned out to be just an announcement with not a single penny being received either by the management of the shrine or khadims.</description><link>http://timesofindia.indiatimes.com/india/Zardaris-1-million-dollar-donation-to-Chishtis-dargah-remains-an-announcement/articleshow/13222767.cms</link><guid>http://timesofindia.indiatimes.com/india/Zardaris-1-million-dollar-donation-to-Chishtis-dargah-remains-an-announcement/articleshow/13222767.cms</guid><pubDate>Thu, 17 May 2012 14:24:51 GMT</pubDate></item><item><title>Whites now account for under half of births in US</title><description>After years of speculation, estimates and projections, the Census Bureau has made it official: White births are no longer a majority in the US.</description><link>http://timesofindia.indiatimes.com/world/us/Whites-now-account-for-under-half-of-births-in-US-Census-data/articleshow/13219313.cms</link><guid>http://timesofindia.indiatimes.com/world/us/Whites-now-account-for-under-half-of-births-in-US-Census-data/articleshow/13219313.cms</guid><pubDate>Thu, 17 May 2012 13:05:51 GMT</pubDate></item></channel><testdata name="john" /></rss>